party,votes,national_percentage
ALIANZA LA LIBERTAD AVANZA,7429104,32.331559
ALIANZA FUERZA PATRIA,3657285,15.916553
LA LIBERTAD AVANZA,1912694,8.324070
FUERZA PATRIA,1751426,7.622229
FRENTE DE IZQUIERDA Y DE TRABAJADORES - UNIDAD,853680,3.715227
ALIANZA PROVINCIAS UNIDAS,762798,3.319707
FRENTE TUCUMÁN PRIMERO,524057,2.280703
PROVINCIAS UNIDAS,326476,1.420828
FRENTE CÍVICO POR SANTIAGO,284387,1.237656
FUERZA JUSTICIALISTA MENDOZA,253109,1.101534
FUERZA ENTRE RÍOS,243884,1.061386
PROPUESTA FEDERAL PARA EL CAMBIO,243326,1.058958
PRIMERO LOS SALTEÑOS,207353,0.902403
FRENTE DE LA VICTORIA,190783,0.830290
VAMOS CORRIENTES,185048,0.805331
RENOVADOR DE LA CONCORDIA NEO,181238,0.788750
DEFENDAMOS CÓRDOBA,169951,0.739629
FUERZA SAN JUAN,146856,0.639119
POR SAN JUAN,132286,0.575710
ALIANZA POTENCIA,127281,0.553929
PARTIDO LIBERTARIO,125847,0.547688
LA NEUQUINIDAD,120772,0.525601
PARTIDO NUEVO BUENOS AIRES,116670,0.507749
FRENTE FUERZA PATRIA PERONISTA,115698,0.503519
FRENTE PATRIOTA FEDERAL,113812,0.495311
UNIÓN CÍVICA RADICAL,111832,0.486694
JUNTOS DEFENDEMOS RÍO NEGRO,99716,0.433965
CIUDADANOS UNIDOS,97794,0.425601
FRENTE DEFENDEMOS LA PAMPA,90097,0.392103
FEDERALES DEFENDAMOS LA RIOJA,89789,0.390763
FRENTE UNIDOS PODEMOS,87628,0.381358
FRENTE JUSTICIALISTA,86211,0.375191
COALICIÓN CÍVICA - A.R.I.,84454,0.367545
UNIDOS POR TUCUMÁN,83926,0.365247
FRENTE JUJUY CRECE,81454,0.354489
FRENTE VERDE,80148,0.348805
ALIANZA UNIÓN FEDERAL,78125,0.340001
FRENTE FUERZA PATRIA,63112,0.274664
DESPIERTA CHUBUT,63056,0.274421
FRENTE PRIMERO JUJUY AVANZA,61539,0.267819
DESPIERTA SANTIAGO,57627,0.250793
FRENTE LIBERTARIO DEMÓCRATA,54193,0.235849
MOVIMIENTO AVANZADA SOCIALISTA,54141,0.235622
FRENTE AMPLIO POR LA SOBERANIA,53267,0.231819
FUERZA SANTACRUCEÑA,53215,0.231592
MOVIMIENTO POLÍTICO SOCIAL Y CULTURAL PROYECTO SUR,52563,0.228755
FRENTE POPULAR AGRARIO Y SOCIAL,50428,0.219463
ALIANZA NUEVOS AIRES,45550,0.198234
UNIÓN LIBERAL,43339,0.188612
PARTIDO DE LA VICTORIA,40602,0.176700
MOVIMIENTO AL SOCIALISMO,38472,0.167431
PARTIDO FE,36079,0.157016
PRO - PROPUESTA REPUBLICANA,34757,0.151263
LA FUERZA DEL TRABAJO CHUBUTENSE,34186,0.148778
ALIANZA ENCUENTRO POR LA REPÚBLICA,31654,0.137759
HAGAMOS FUTURO,29877,0.130025
ALIANZA DEFENDAMOS MENDOZA - PROVINCIAS UNIDAS,29663,0.129094
FUERZA LIBERTARIA,27521,0.119772
PARTIDO SOCIALISTA,25923,0.112817
POR SANTA CRUZ,25646,0.111612
AHORA 503,25296,0.110089
POLÍTICA OBRERA,23613,0.102764
MÁS POR NEUQUÉN,23350,0.101620
NUEVA IZQUIERDA,23215,0.101032
FUERZA REPUBLICANA,22490,0.097877
GEN,21087,0.091771
NUEVAS IDEAS,20986,0.091331
PARTIDO DEL OBRERO,20168,0.087771
CORRIENTES NOS UNE,20112,0.087528
DEFENDAMOS TIERRA DEL FUEGO,19945,0.086801
FE,17895,0.077879
VAMOS CHACO,17754,0.077266
FRENTE PUEBLO,17538,0.076326
CAMBIA LA PAMPA,17364,0.075568
LIBER.AR,16689,0.072631
UNIÓN POPULAR FEDERAL,15244,0.066342
IGUALDAD Y PARTICIPACIÓN,14311,0.062282
DEFENDAMOS SANTA FE,13989,0.060880
SOMOS PROVINCIAS UNIDAS - CATAMARCA,13928,0.060615
FRENTE INTEGRADOR,13644,0.059379
JUNTOS POR LA LIBERTAD Y LA REPÚBLICA,11971,0.052098
REPUBLICANOS UNIDOS,11643,0.050670
PRIMERO RÍO NEGRO,11184,0.048673
MOVIMIENTO DE JUBILADOS Y JUVENTUD,11082,0.048229
ALIANZA CIUDADANOS,10488,0.045644
PARTIDO RENACER,10180,0.044303
PROTECTORA FUERZA POLÍTICA,10150,0.044173
INSTRUMENTO ELECTORAL POR LA UNIDAD POPULAR,9479,0.041253
LA IZQUIERDA EN LA CIUDAD,9075,0.039495
ACTIVAR,9007,0.039199
CREO,8509,0.037031
DESARROLLO CIUDADANO,8209,0.035726
HACEMOS,8071,0.035125
INTEGRAR,7873,0.034263
COMPROMISO FEDERAL,7787,0.033889
"POR LA VIDA Y LOS VALORES, POR UN NUEVO OCTUBRE",7673,0.033393
AHORA,7624,0.033180
CRUZADA RENOVADORA,6896,0.030011
PRIMERO CATAMARCA,6653,0.028954
HACEMOS RENACER CATAMARCA,6616,0.028793
NEPAR,6553,0.028519
EVOLUCIÓN LIBERAL,6542,0.028471
POLÍTICA ABIERTA PARA LA INTEGRIDAD SOCIAL,6516,0.028358
MOVIMIENTO DE INTEGRACIÓN Y DESARROLLO - MID,6449,0.028066
PARTIDO INDEPENDIENTE DE CHUBUT,6380,0.027766
PROYECTO SUR,6358,0.027670
HACEMOS POR SANTIAGO,6263,0.027257
PARTIDO FEDERAL,6181,0.026900
PARTIDO AUTONOMISTA,6053,0.026343
FRENTE DEL PUEBLO UNIDO,5932,0.025816
COALICIÓN CÍVICA - ARI,5903,0.025690
FRENTE LIBERAL,5806,0.025268
UNIÓN DEL CENTRO DEMOCRÁTICO,5695,0.024785
DEL TRABAJO Y DEL PUEBLO,5574,0.024258
PROYECTO ALTERNATIVO,5510,0.023980
ACCIÓN PARA EL CAMBIO,5275,0.022957
PARTIDO DEMÓCRATA,5109,0.022234
MOVIMIENTO AL SOCIALISMO - MAS,5082,0.022117
ALIANZA CÓRDOBA TE QUIERO,4659,0.020276
POLÍTICA PARA LA CLASE OBRERA,4520,0.019671
PARTIDO DIGNIDAD POPULAR,4324,0.018818
UNIR,4302,0.018722
UNITE POR LA LIBERTAD Y LA DIGNIDAD,4265,0.018561
MOVIMIENTO INDEPENDIENTE RENOVADOR,3977,0.017308
FRENTE FEDERAL DE ACCIÓN SOLIDARIA,3866,0.016825
TRANSFORMACIÓN LIBERTARIA,3308,0.014396
PARTIDO DE LA CONCERTACIÓN FORJA,3308,0.014396
MOVIMIENTO PLURAL,3267,0.014218
PARTIDO SOCIALISTA AUTÉNTICO,3264,0.014205
IDEAS DE LA LIBERTAD,3264,0.014205
PRINCIPIOS Y CONVICCIÓN,3253,0.014157
PARTIDO COMUNISTA,3000,0.013056
LAS FUERZAS DEL CENTRO,2806,0.012212
PARTIDO POLO SOCIAL - MOVIMIENTO DE BASES,2257,0.009822
PARTIDO FRENTE GRANDE,857,0.003730
